{
  "number_doc": 13550,
  "global_number_token": 8085449,
  "global_token_by_title": 168811,
  "average_token_by_title": 12.458376383763838,
  "global_token_by_content": 7802792,
  "average_token_by_content": 575.8518081180812,
  "global_token_by_h1": 113846,
  "average_token_by_h1": 8.401918819188191
}